Gene,Chrom,Gene_Start ,Gene_End,Strand,Nm_id,Exon_Num,Exon_Cat,Exon_Start,Exon_End,Size_bp
ALK,chr2,29415640,30144432,-,NM_004304.5,1,Exon_1,30144432,30142859,1574
ALK,chr2,29415640,30144432,-,NM_004304.5_Intron,1.1,Intron_1-2,30142858,29940564,202295
ALK,chr2,29415640,30144432,-,NM_004304.5,2,Exon_2,29940563,29940444,120
ALK,chr2,29415640,30144432,-,NM_004304.5_Intron,2.1,Intron_2-3,29940443,29917881,22563
ALK,chr2,29415640,30144432,-,NM_004304.5,3,Exon_3,29917880,29917716,165
ALK,chr2,29415640,30144432,-,NM_004304.5_Intron,3.1,Intron_3-4,29917715,29754983,162733
ALK,chr2,29415640,30144432,-,NM_004304.5,4,Exon_4,29754982,29754781,202
ALK,chr2,29415640,30144432,-,NM_004304.5_Intron,4.1,Intron_4-5,29754780,29606726,148055
ALK,chr2,29415640,30144432,-,NM_004304.5,5,Exon_5,29606725,29606598,128
ALK,chr2,29415640,30144432,-,NM_004304.5_Intron,5.1,Intron_5-6,29606597,29551348,55250
ALK,chr2,29415640,30144432,-,NM_004304.5,6,Exon_6,29551347,29551216,132
ALK,chr2,29415640,30144432,-,NM_004304.5_Intron,6.1,Intron_6-7,29551215,29543749,7467
ALK,chr2,29415640,30144432,-,NM_004304.5,7,Exon_7,29543748,29543617,132
ALK,chr2,29415640,30144432,-,NM_004304.5_Intron,7.1,Intron_7-8,29543616,29541271,2346
ALK,chr2,29415640,30144432,-,NM_004304.5,8,Exon_8,29541270,29541170,101
ALK,chr2,29415640,30144432,-,NM_004304.5_Intron,8.1,Intron_8-9,29541169,29519924,21246
ALK,chr2,29415640,30144432,-,NM_004304.5,9,Exon_9,29519923,29519754,170
ALK,chr2,29415640,30144432,-,NM_004304.5_Intron,9.1,Intron_9-10,29519753,29498363,21391
ALK,chr2,29415640,30144432,-,NM_004304.5,10,Exon_10,29498362,29498268,95
ALK,chr2,29415640,30144432,-,NM_004304.5_Intron,10.1,Intron_10-11,29498267,29498094,174
ALK,chr2,29415640,30144432,-,NM_004304.5,11,Exon_11,29498093,29497965,129
ALK,chr2,29415640,30144432,-,NM_004304.5_Intron,11.1,Intron_11-12,29497964,29474134,23831
ALK,chr2,29415640,30144432,-,NM_004304.5,12,Exon_12,29474133,29473971,163
ALK,chr2,29415640,30144432,-,NM_004304.5_Intron,12.1,Intron_12-13,29473970,29462697,11274
ALK,chr2,29415640,30144432,-,NM_004304.5,13,Exon_13,29462696,29462546,151
ALK,chr2,29415640,30144432,-,NM_004304.5_Intron,13.1,Intron_13-14,29462545,29456563,5983
ALK,chr2,29415640,30144432,-,NM_004304.5,14,Exon_14,29456562,29456431,132
ALK,chr2,29415640,30144432,-,NM_004304.5_Intron,14.1,Intron_14-15,29456430,29455315,1116
ALK,chr2,29415640,30144432,-,NM_004304.5,15,Exon_15,29455314,29455170,145
ALK,chr2,29415640,30144432,-,NM_004304.5_Intron,15.1,Intron_15-16,29455169,29451933,3237
ALK,chr2,29415640,30144432,-,NM_004304.5,16,Exon_16,29451932,29451750,183
ALK,chr2,29415640,30144432,-,NM_004304.5_Intron,16.1,Intron_16-17,29451749,29450539,1211
ALK,chr2,29415640,30144432,-,NM_004304.5,17,Exon_17,29450538,29450440,99
ALK,chr2,29415640,30144432,-,NM_004304.5_Intron,17.1,Intron_17-18,29450439,29449941,499
ALK,chr2,29415640,30144432,-,NM_004304.5,18,Exon_18,29449940,29449788,153
ALK,chr2,29415640,30144432,-,NM_004304.5_Intron,18.1,Intron_18-19,29449787,29448432,1356
ALK,chr2,29415640,30144432,-,NM_004304.5,19,Exon_19,29448431,29448327,105
ALK,chr2,29415640,30144432,-,NM_004304.5_Intron,19.1,Intron_19-20,29448326,29446395,1932
ALK,chr2,29415640,30144432,-,NM_004304.5,20,Exon_20,29446394,29446208,187
ALK,chr2,29415640,30144432,-,NM_004304.5_Intron,20.1,Intron_20-21,29446207,29445474,734
ALK,chr2,29415640,30144432,-,NM_004304.5,21,Exon_21,29445473,29445383,91
ALK,chr2,29415640,30144432,-,NM_004304.5_Intron,21.1,Intron_21-22,29445382,29445275,108
ALK,chr2,29415640,30144432,-,NM_004304.5,22,Exon_22,29445274,29445210,65
ALK,chr2,29415640,30144432,-,NM_004304.5_Intron,22.1,Intron_22-23,29445209,29443702,1508
ALK,chr2,29415640,30144432,-,NM_004304.5,23,Exon_23,29443701,29443572,130
ALK,chr2,29415640,30144432,-,NM_004304.5_Intron,23.1,Intron_23-24,29443571,29436948,6624
ALK,chr2,29415640,30144432,-,NM_004304.5,24,Exon_24,29436947,29436850,98
ALK,chr2,29415640,30144432,-,NM_004304.5_Intron,24.1,Intron_24-25,29436849,29432745,4105
ALK,chr2,29415640,30144432,-,NM_004304.5,25,Exon_25,29432744,29432652,93
ALK,chr2,29415640,30144432,-,NM_004304.5_Intron,25.1,Intron_25-26,29432651,29430139,2513
ALK,chr2,29415640,30144432,-,NM_004304.5,26,Exon_26,29430138,29430037,102
ALK,chr2,29415640,30144432,-,NM_004304.5_Intron,26.1,Intron_26-27,29430036,29420543,9494
ALK,chr2,29415640,30144432,-,NM_004304.5,27,Exon_27,29420542,29420408,135
ALK,chr2,29415640,30144432,-,NM_004304.5_Intron,27.1,Intron_27-28,29420407,29419727,681
ALK,chr2,29415640,30144432,-,NM_004304.5,28,Exon_28,29419726,29419636,91
ALK,chr2,29415640,30144432,-,NM_004304.5_Intron,28.1,Intron_28-29,29419635,29416789,2847
ALK,chr2,29415640,30144432,-,NM_004304.5,29,Exon_29,29416788,29415640,1149
ROS1,chr6,117609463,117747018,-,NM_002944.2,1,Exon_1,117747018,117746697,322
ROS1,chr6,117609463,117747018,-,NM_002944.2_Intron,1.1,Intron_1-2,117746696,117739670,7027
ROS1,chr6,117609463,117747018,-,NM_002944.2,2,Exon_2,117739669,117739625,45
ROS1,chr6,117609463,117747018,-,NM_002944.2_Intron,2.1,Intron_2-3,117739624,117737481,2144
ROS1,chr6,117609463,117747018,-,NM_002944.2,3,Exon_3,117737480,117737421,60
ROS1,chr6,117609463,117747018,-,NM_002944.2_Intron,3.1,Intron_3-4,117737420,117730806,6615
ROS1,chr6,117609463,117747018,-,NM_002944.2,4,Exon_4,117730805,117730745,61
ROS1,chr6,117609463,117747018,-,NM_002944.2_Intron,4.1,Intron_4-5,117730744,117725592,5153
ROS1,chr6,117609463,117747018,-,NM_002944.2,5,Exon_5,117725591,117725443,149
ROS1,chr6,117609463,117747018,-,NM_002944.2_Intron,5.1,Intron_5-6,117725442,117724441,1002
ROS1,chr6,117609463,117747018,-,NM_002944.2,6,Exon_6,117724440,117724302,139
ROS1,chr6,117609463,117747018,-,NM_002944.2_Intron,6.1,Intron_6-7,117724301,117718280,6022
ROS1,chr6,117609463,117747018,-,NM_002944.2,7,Exon_7,117718279,117718078,202
ROS1,chr6,117609463,117747018,-,NM_002944.2_Intron,7.1,Intron_7-8,117718077,117717428,650
ROS1,chr6,117609463,117747018,-,NM_002944.2,8,Exon_8,117717427,117717351,77
ROS1,chr6,117609463,117747018,-,NM_002944.2_Intron,8.1,Intron_8-9,117717350,117715902,1449
ROS1,chr6,117609463,117747018,-,NM_002944.2,9,Exon_9,117715901,117715779,123
ROS1,chr6,117609463,117747018,-,NM_002944.2_Intron,9.1,Intron_9-10,117715778,117715510,269
ROS1,chr6,117609463,117747018,-,NM_002944.2,10,Exon_10,117715509,117715325,185
ROS1,chr6,117609463,117747018,-,NM_002944.2_Intron,10.1,Intron_10-11,117715324,117714485,840
ROS1,chr6,117609463,117747018,-,NM_002944.2,11,Exon_11,117714484,117714387,98
ROS1,chr6,117609463,117747018,-,NM_002944.2_Intron,11.1,Intron_11-12,117714386,117711010,3377
ROS1,chr6,117609463,117747018,-,NM_002944.2,12,Exon_12,117711009,117710513,497
ROS1,chr6,117609463,117747018,-,NM_002944.2_Intron,12.1,Intron_12-13,117710512,117709198,1315
ROS1,chr6,117609463,117747018,-,NM_002944.2,13,Exon_13,117709197,117708943,255
ROS1,chr6,117609463,117747018,-,NM_002944.2_Intron,13.1,Intron_13-14,117708942,117708163,780
ROS1,chr6,117609463,117747018,-,NM_002944.2,14,Exon_14,117708162,117708052,111
ROS1,chr6,117609463,117747018,-,NM_002944.2_Intron,14.1,Intron_14-15,117708051,117707025,1027
ROS1,chr6,117609463,117747018,-,NM_002944.2,15,Exon_15,117707024,117706846,179
ROS1,chr6,117609463,117747018,-,NM_002944.2_Intron,15.1,Intron_15-16,117706845,117704672,2174
ROS1,chr6,117609463,117747018,-,NM_002944.2,16,Exon_16,117704671,117704480,192
ROS1,chr6,117609463,117747018,-,NM_002944.2_Intron,16.1,Intron_16-17,117704479,117700323,4157
ROS1,chr6,117609463,117747018,-,NM_002944.2,17,Exon_17,117700322,117700222,101
ROS1,chr6,117609463,117747018,-,NM_002944.2_Intron,17.1,Intron_17-18,117700221,117687454,12768
ROS1,chr6,117609463,117747018,-,NM_002944.2,18,Exon_18,117687453,117687239,215
ROS1,chr6,117609463,117747018,-,NM_002944.2_Intron,18.1,Intron_18-19,117687238,117686905,334
ROS1,chr6,117609463,117747018,-,NM_002944.2,19,Exon_19,117686904,117686744,161
ROS1,chr6,117609463,117747018,-,NM_002944.2_Intron,19.1,Intron_19-20,117686743,117686368,376
ROS1,chr6,117609463,117747018,-,NM_002944.2,20,Exon_20,117686367,117686223,145
ROS1,chr6,117609463,117747018,-,NM_002944.2_Intron,20.1,Intron_20-21,117686222,117684029,2194
ROS1,chr6,117609463,117747018,-,NM_002944.2,21,Exon_21,117684028,117683766,263
ROS1,chr6,117609463,117747018,-,NM_002944.2_Intron,21.1,Intron_21-22,117683765,117681569,2197
ROS1,chr6,117609463,117747018,-,NM_002944.2,22,Exon_22,117681568,117681505,64
ROS1,chr6,117609463,117747018,-,NM_002944.2_Intron,22.1,Intron_22-23,117681504,117681175,330
ROS1,chr6,117609463,117747018,-,NM_002944.2,23,Exon_23,117681174,117680972,203
ROS1,chr6,117609463,117747018,-,NM_002944.2_Intron,23.1,Intron_23-24,117680971,117679173,1799
ROS1,chr6,117609463,117747018,-,NM_002944.2,24,Exon_24,117679172,117678967,206
ROS1,chr6,117609463,117747018,-,NM_002944.2_Intron,24.1,Intron_24-25,117678966,117678079,888
ROS1,chr6,117609463,117747018,-,NM_002944.2,25,Exon_25,117678078,117677792,287
ROS1,chr6,117609463,117747018,-,NM_002944.2_Intron,25.1,Intron_25-26,117677791,117674333,3459
ROS1,chr6,117609463,117747018,-,NM_002944.2,26,Exon_26,117674332,117674153,180
ROS1,chr6,117609463,117747018,-,NM_002944.2_Intron,26.1,Intron_26-27,117674152,117665426,8727
ROS1,chr6,117609463,117747018,-,NM_002944.2,27,Exon_27,117665425,117665223,203
ROS1,chr6,117609463,117747018,-,NM_002944.2_Intron,27.1,Intron_27-28,117665222,117663708,1515
ROS1,chr6,117609463,117747018,-,NM_002944.2,28,Exon_28,117663707,117663563,145
ROS1,chr6,117609463,117747018,-,NM_002944.2_Intron,28.1,Intron_28-29,117663562,117662796,767
ROS1,chr6,117609463,117747018,-,NM_002944.2,29,Exon_29,117662795,117662563,233
ROS1,chr6,117609463,117747018,-,NM_002944.2_Intron,29.1,Intron_29-30,117662562,117662475,88
ROS1,chr6,117609463,117747018,-,NM_002944.2,30,Exon_30,117662474,117662298,177
ROS1,chr6,117609463,117747018,-,NM_002944.2_Intron,30.1,Intron_30-31,117662297,117658504,3794
ROS1,chr6,117609463,117747018,-,NM_002944.2,31,Exon_31,117658503,117658335,169
ROS1,chr6,117609463,117747018,-,NM_002944.2_Intron,31.1,Intron_31-32,117658334,117650610,7725
ROS1,chr6,117609463,117747018,-,NM_002944.2,32,Exon_32,117650609,117650492,118
ROS1,chr6,117609463,117747018,-,NM_002944.2_Intron,32.1,Intron_32-33,117650491,117647578,2914
ROS1,chr6,117609463,117747018,-,NM_002944.2,33,Exon_33,117647577,117647387,191
ROS1,chr6,117609463,117747018,-,NM_002944.2_Intron,33.1,Intron_33-34,117647386,117645579,1808
ROS1,chr6,117609463,117747018,-,NM_002944.2,34,Exon_34,117645578,117645495,84
ROS1,chr6,117609463,117747018,-,NM_002944.2_Intron,34.1,Intron_34-35,117645494,117642558,2937
ROS1,chr6,117609463,117747018,-,NM_002944.2,35,Exon_35,117642557,117642422,136
ROS1,chr6,117609463,117747018,-,NM_002944.2_Intron,35.1,Intron_35-36,117642421,117641194,1228
ROS1,chr6,117609463,117747018,-,NM_002944.2,36,Exon_36,117641193,117641031,163
ROS1,chr6,117609463,117747018,-,NM_002944.2_Intron,36.1,Intron_36-37,117641030,117639416,1615
ROS1,chr6,117609463,117747018,-,NM_002944.2,37,Exon_37,117639415,117639351,65
ROS1,chr6,117609463,117747018,-,NM_002944.2_Intron,37.1,Intron_37-38,117639350,117638436,915
ROS1,chr6,117609463,117747018,-,NM_002944.2,38,Exon_38,117638435,117638306,130
ROS1,chr6,117609463,117747018,-,NM_002944.2_Intron,38.1,Intron_38-39,117638305,117632281,6025
ROS1,chr6,117609463,117747018,-,NM_002944.2,39,Exon_39,117632280,117632183,98
ROS1,chr6,117609463,117747018,-,NM_002944.2_Intron,39.1,Intron_39-40,117632182,117631445,738
ROS1,chr6,117609463,117747018,-,NM_002944.2,40,Exon_40,117631444,117631244,201
ROS1,chr6,117609463,117747018,-,NM_002944.2_Intron,40.1,Intron_40-41,117631243,117630092,1152
ROS1,chr6,117609463,117747018,-,NM_002944.2,41,Exon_41,117630091,117629957,135
ROS1,chr6,117609463,117747018,-,NM_002944.2_Intron,41.1,Intron_41-42,117629956,117622301,7656
ROS1,chr6,117609463,117747018,-,NM_002944.2,42,Exon_42,117622300,117622137,164
ROS1,chr6,117609463,117747018,-,NM_002944.2_Intron,42.1,Intron_42-43,117622136,117609966,12171
ROS1,chr6,117609463,117747018,-,NM_002944.2,43,Exon_43,117609965,117609463,503
RET,chr10,43572475,43625799,+,NM_020975.4,1,Exon_1,43572475,43572779,305
RET,chr10,43572475,43625799,+,NM_020975.4_Intron,1.1,Intron_1-2,43572780,43595906,23127
RET,chr10,43572475,43625799,+,NM_020975.4,2,Exon_2,43595907,43596170,264
RET,chr10,43572475,43625799,+,NM_020975.4_Intron,2.1,Intron_2-3,43596171,43597789,1619
RET,chr10,43572475,43625799,+,NM_020975.4,3,Exon_3,43597790,43598077,288
RET,chr10,43572475,43625799,+,NM_020975.4_Intron,3.1,Intron_3-4,43598078,43600399,2322
RET,chr10,43572475,43625799,+,NM_020975.4,4,Exon_4,43600400,43600641,242
RET,chr10,43572475,43625799,+,NM_020975.4_Intron,4.1,Intron_4-5,43600642,43601823,1182
RET,chr10,43572475,43625799,+,NM_020975.4,5,Exon_5,43601824,43602019,196
RET,chr10,43572475,43625799,+,NM_020975.4_Intron,5.1,Intron_5-6,43602020,43604478,2459
RET,chr10,43572475,43625799,+,NM_020975.4,6,Exon_6,43604479,43604678,200
RET,chr10,43572475,43625799,+,NM_020975.4_Intron,6.1,Intron_6-7,43604679,43606654,1976
RET,chr10,43572475,43625799,+,NM_020975.4,7,Exon_7,43606655,43606913,259
RET,chr10,43572475,43625799,+,NM_020975.4_Intron,7.1,Intron_7-8,43606914,43607546,633
RET,chr10,43572475,43625799,+,NM_020975.4,8,Exon_8,43607547,43607672,126
RET,chr10,43572475,43625799,+,NM_020975.4_Intron,8.1,Intron_8-9,43607673,43608300,628
RET,chr10,43572475,43625799,+,NM_020975.4,9,Exon_9,43608301,43608411,111
RET,chr10,43572475,43625799,+,NM_020975.4_Intron,9.1,Intron_9-10,43608412,43609003,592
RET,chr10,43572475,43625799,+,NM_020975.4,10,Exon_10,43609004,43609123,120
RET,chr10,43572475,43625799,+,NM_020975.4_Intron,10.1,Intron_10-11,43609124,43609927,804
RET,chr10,43572475,43625799,+,NM_020975.4,11,Exon_11,43609928,43610184,257
RET,chr10,43572475,43625799,+,NM_020975.4_Intron,11.1,Intron_11-12,43610185,43612031,1847
RET,chr10,43572475,43625799,+,NM_020975.4,12,Exon_12,43612032,43612179,148
RET,chr10,43572475,43625799,+,NM_020975.4_Intron,12.1,Intron_12-13,43612180,43613820,1641
RET,chr10,43572475,43625799,+,NM_020975.4,13,Exon_13,43613821,43613928,108
RET,chr10,43572475,43625799,+,NM_020975.4_Intron,13.1,Intron_13-14,43613929,43614978,1050
RET,chr10,43572475,43625799,+,NM_020975.4,14,Exon_14,43614979,43615193,215
RET,chr10,43572475,43625799,+,NM_020975.4_Intron,14.1,Intron_14-15,43615194,43615528,335
RET,chr10,43572475,43625799,+,NM_020975.4,15,Exon_15,43615529,43615651,123
RET,chr10,43572475,43625799,+,NM_020975.4_Intron,15.1,Intron_15-16,43615652,43617393,1742
RET,chr10,43572475,43625799,+,NM_020975.4,16,Exon_16,43617394,43617464,71
RET,chr10,43572475,43625799,+,NM_020975.4_Intron,16.1,Intron_16-17,43617465,43619118,1654
RET,chr10,43572475,43625799,+,NM_020975.4,17,Exon_17,43619119,43619256,138
RET,chr10,43572475,43625799,+,NM_020975.4_Intron,17.1,Intron_17-18,43619257,43620330,1074
RET,chr10,43572475,43625799,+,NM_020975.4,18,Exon_18,43620331,43620430,100
RET,chr10,43572475,43625799,+,NM_020975.4_Intron,18.1,Intron_18-19,43620431,43622022,1592
RET,chr10,43572475,43625799,+,NM_020975.4,19,Exon_19,43622023,43622170,148
RET,chr10,43572475,43625799,+,NM_020975.4_Intron,19.1,Intron_19-20,43622171,43623559,1389
RET,chr10,43572475,43625799,+,NM_020975.4,20,Exon_20,43623560,43625799,2240
NTRK1,chr1,156830686,156851434,+,NM_002529.3,1,Exon_1,156830686,156830938,253
NTRK1,chr1,156830686,156851434,+,NM_002529.3_Intron,1.1,Intron_1-2,156830939,156834145,3207
NTRK1,chr1,156830686,156851434,+,NM_002529.3,2,Exon_2,156834146,156834220,75
NTRK1,chr1,156830686,156851434,+,NM_002529.3_Intron,2.1,Intron_2-3,156834221,156834519,299
NTRK1,chr1,156830686,156851434,+,NM_002529.3,3,Exon_3,156834520,156834591,72
NTRK1,chr1,156830686,156851434,+,NM_002529.3_Intron,3.1,Intron_3-4,156834592,156836701,2110
NTRK1,chr1,156830686,156851434,+,NM_002529.3,4,Exon_4,156836702,156836770,69
NTRK1,chr1,156830686,156851434,+,NM_002529.3_Intron,4.1,Intron_4-5,156836771,156837895,1125
NTRK1,chr1,156830686,156851434,+,NM_002529.3,5,Exon_5,156837896,156838041,146
NTRK1,chr1,156830686,156851434,+,NM_002529.3_Intron,5.1,Intron_5-6,156838042,156838296,255
NTRK1,chr1,156830686,156851434,+,NM_002529.3,6,Exon_6,156838297,156838439,143
NTRK1,chr1,156830686,156851434,+,NM_002529.3_Intron,6.1,Intron_6-7,156838440,156841414,2975
NTRK1,chr1,156830686,156851434,+,NM_002529.3,7,Exon_7,156841415,156841547,133
NTRK1,chr1,156830686,156851434,+,NM_002529.3_Intron,7.1,Intron_7-8,156841548,156843424,1877
NTRK1,chr1,156830686,156851434,+,NM_002529.3,8,Exon_8,156843425,156843751,327
NTRK1,chr1,156830686,156851434,+,NM_002529.3_Intron,8.1,Intron_8-9,156843752,156844174,423
NTRK1,chr1,156830686,156851434,+,NM_002529.3,9,Exon_9,156844175,156844192,18
NTRK1,chr1,156830686,156851434,+,NM_002529.3_Intron,9.1,Intron_9-10,156844193,156844362,170
NTRK1,chr1,156830686,156851434,+,NM_002529.3,10,Exon_10,156844363,156844418,56
NTRK1,chr1,156830686,156851434,+,NM_002529.3_Intron,10.1,Intron_10-11,156844419,156844697,279
NTRK1,chr1,156830686,156851434,+,NM_002529.3,11,Exon_11,156844698,156844800,103
NTRK1,chr1,156830686,156851434,+,NM_002529.3_Intron,11.1,Intron_11-12,156844801,156845311,511
NTRK1,chr1,156830686,156851434,+,NM_002529.3,12,Exon_12,156845312,156845458,147
NTRK1,chr1,156830686,156851434,+,NM_002529.3_Intron,12.1,Intron_12-13,156845459,156845871,413
NTRK1,chr1,156830686,156851434,+,NM_002529.3,13,Exon_13,156845872,156846002,131
NTRK1,chr1,156830686,156851434,+,NM_002529.3_Intron,13.1,Intron_13-14,156846003,156846191,189
NTRK1,chr1,156830686,156851434,+,NM_002529.3,14,Exon_14,156846192,156846364,173
NTRK1,chr1,156830686,156851434,+,NM_002529.3_Intron,14.1,Intron_14-15,156846365,156848913,2549
NTRK1,chr1,156830686,156851434,+,NM_002529.3,15,Exon_15,156848914,156849154,241
NTRK1,chr1,156830686,156851434,+,NM_002529.3_Intron,15.1,Intron_15-16,156849155,156849790,636
NTRK1,chr1,156830686,156851434,+,NM_002529.3,16,Exon_16,156849791,156849949,159
NTRK1,chr1,156830686,156851434,+,NM_002529.3_Intron,16.1,Intron_16-17,156849950,156851248,1299
NTRK1,chr1,156830686,156851434,+,NM_002529.3,17,Exon_17,156851249,156851434,186
NTRK2,chr9,87283466,87638505,+,NM_006180.3,1,Exon_1,87283466,87283700,235
NTRK2,chr9,87283466,87638505,+,NM_006180.3_Intron,1.1,Intron_1-2,87283701,87284216,516
NTRK2,chr9,87283466,87638505,+,NM_006180.3,2,Exon_2,87284217,87284338,122
NTRK2,chr9,87283466,87638505,+,NM_006180.3_Intron,2.1,Intron_2-3,87284339,87284594,256
NTRK2,chr9,87283466,87638505,+,NM_006180.3,3,Exon_3,87284595,87284803,209
NTRK2,chr9,87283466,87638505,+,NM_006180.3_Intron,3.1,Intron_3-4,87284804,87285291,488
NTRK2,chr9,87283466,87638505,+,NM_006180.3,4,Exon_4,87285292,87285875,584
NTRK2,chr9,87283466,87638505,+,NM_006180.3_Intron,4.1,Intron_4-5,87285876,87317073,31198
NTRK2,chr9,87283466,87638505,+,NM_006180.3,5,Exon_5,87317074,87317148,75
NTRK2,chr9,87283466,87638505,+,NM_006180.3_Intron,5.1,Intron_5-6,87317149,87317262,114
NTRK2,chr9,87283466,87638505,+,NM_006180.3,6,Exon_6,87317263,87317334,72
NTRK2,chr9,87283466,87638505,+,NM_006180.3_Intron,6.1,Intron_6-7,87317335,87322758,5424
NTRK2,chr9,87283466,87638505,+,NM_006180.3,7,Exon_7,87322759,87322827,69
NTRK2,chr9,87283466,87638505,+,NM_006180.3_Intron,7.1,Intron_7-8,87322828,87325551,2724
NTRK2,chr9,87283466,87638505,+,NM_006180.3,8,Exon_8,87325552,87325706,155
NTRK2,chr9,87283466,87638505,+,NM_006180.3_Intron,8.1,Intron_8-9,87325707,87338487,12781
NTRK2,chr9,87283466,87638505,+,NM_006180.3,9,Exon_9,87338488,87338624,137
NTRK2,chr9,87283466,87638505,+,NM_006180.3_Intron,9.1,Intron_9-10,87338625,87339138,514
NTRK2,chr9,87283466,87638505,+,NM_006180.3,10,Exon_10,87339139,87339271,133
NTRK2,chr9,87283466,87638505,+,NM_006180.3_Intron,10.1,Intron_10-11,87339272,87342568,3297
NTRK2,chr9,87283466,87638505,+,NM_006180.3,11,Exon_11,87342569,87342874,306
NTRK2,chr9,87283466,87638505,+,NM_006180.3_Intron,11.1,Intron_11-12,87342875,87356806,13932
NTRK2,chr9,87283466,87638505,+,NM_006180.3,12,Exon_12,87356807,87356842,36
NTRK2,chr9,87283466,87638505,+,NM_006180.3_Intron,12.1,Intron_12-13,87356843,87359887,3045
NTRK2,chr9,87283466,87638505,+,NM_006180.3,13,Exon_13,87359888,87359988,101
NTRK2,chr9,87283466,87638505,+,NM_006180.3_Intron,13.1,Intron_13-14,87359989,87366900,6912
NTRK2,chr9,87283466,87638505,+,NM_006180.3,14,Exon_14,87366901,87367000,100
NTRK2,chr9,87283466,87638505,+,NM_006180.3_Intron,14.1,Intron_14-15,87367001,87475954,108954
NTRK2,chr9,87283466,87638505,+,NM_006180.3,15,Exon_15,87475955,87476002,48
NTRK2,chr9,87283466,87638505,+,NM_006180.3_Intron,15.1,Intron_15-16,87476003,87482157,6155
NTRK2,chr9,87283466,87638505,+,NM_006180.3,16,Exon_16,87482158,87482346,189
NTRK2,chr9,87283466,87638505,+,NM_006180.3_Intron,16.1,Intron_16-17,87482347,87549076,66730
NTRK2,chr9,87283466,87638505,+,NM_006180.3,17,Exon_17,87549077,87549207,131
NTRK2,chr9,87283466,87638505,+,NM_006180.3_Intron,17.1,Intron_17-18,87549208,87563376,14169
NTRK2,chr9,87283466,87638505,+,NM_006180.3,18,Exon_18,87563377,87563549,173
NTRK2,chr9,87283466,87638505,+,NM_006180.3_Intron,18.1,Intron_18-19,87563550,87570197,6648
NTRK2,chr9,87283466,87638505,+,NM_006180.3,19,Exon_19,87570198,87570432,235
NTRK2,chr9,87283466,87638505,+,NM_006180.3_Intron,19.1,Intron_19-20,87570433,87635120,64688
NTRK2,chr9,87283466,87638505,+,NM_006180.3,20,Exon_20,87635121,87635279,159
NTRK2,chr9,87283466,87638505,+,NM_006180.3_Intron,20.1,Intron_20-21,87635280,87636166,887
NTRK2,chr9,87283466,87638505,+,NM_006180.3,21,Exon_21,87636167,87638505,2339
NTRK3,chr15,88418230,88799978,-,NM_002530.3,1,Exon_1,88799978,88799875,104
NTRK3,chr15,88418230,88799978,-,NM_002530.3_Intron,1.1,Intron_1-2,88799874,88799718,157
NTRK3,chr15,88418230,88799978,-,NM_002530.3,2,Exon_2,88799717,88799515,203
NTRK3,chr15,88418230,88799978,-,NM_002530.3_Intron,2.1,Intron_2-3,88799514,88799400,115
NTRK3,chr15,88418230,88799978,-,NM_002530.3,3,Exon_3,88799399,88799137,263
NTRK3,chr15,88418230,88799978,-,NM_002530.3_Intron,3.1,Intron_3-4,88799136,88727531,71606
NTRK3,chr15,88418230,88799978,-,NM_002530.3,4,Exon_4,88727530,88727456,75
NTRK3,chr15,88418230,88799978,-,NM_002530.3_Intron,4.1,Intron_4-5,88727455,88726721,735
NTRK3,chr15,88418230,88799978,-,NM_002530.3,5,Exon_5,88726720,88726649,72
NTRK3,chr15,88418230,88799978,-,NM_002530.3_Intron,5.1,Intron_5-6,88726648,88690635,36014
NTRK3,chr15,88418230,88799978,-,NM_002530.3,6,Exon_6,88690634,88690566,69
NTRK3,chr15,88418230,88799978,-,NM_002530.3_Intron,6.1,Intron_6-7,88690565,88680793,9773
NTRK3,chr15,88418230,88799978,-,NM_002530.3,7,Exon_7,88680792,88680635,158
NTRK3,chr15,88418230,88799978,-,NM_002530.3_Intron,7.1,Intron_7-8,88680634,88679841,794
NTRK3,chr15,88418230,88799978,-,NM_002530.3,8,Exon_8,88679840,88679698,143
NTRK3,chr15,88418230,88799978,-,NM_002530.3_Intron,8.1,Intron_8-9,88679697,88679272,426
NTRK3,chr15,88418230,88799978,-,NM_002530.3,9,Exon_9,88679271,88679130,142
NTRK3,chr15,88418230,88799978,-,NM_002530.3_Intron,9.1,Intron_9-10,88679129,88678629,501
NTRK3,chr15,88418230,88799978,-,NM_002530.3,10,Exon_10,88678628,88678332,297
NTRK3,chr15,88418230,88799978,-,NM_002530.3_Intron,10.1,Intron_10-11,88678331,88671966,6366
NTRK3,chr15,88418230,88799978,-,NM_002530.3,11,Exon_11,88671965,88671942,24
NTRK3,chr15,88418230,88799978,-,NM_002530.3_Intron,11.1,Intron_11-12,88671941,88670458,1484
NTRK3,chr15,88418230,88799978,-,NM_002530.3,12,Exon_12,88670457,88670393,65
NTRK3,chr15,88418230,88799978,-,NM_002530.3_Intron,12.1,Intron_12-13,88670392,88669605,788
NTRK3,chr15,88418230,88799978,-,NM_002530.3,13,Exon_13,88669604,88669502,103
NTRK3,chr15,88418230,88799978,-,NM_002530.3_Intron,13.1,Intron_13-14,88669501,88576277,93225
NTRK3,chr15,88418230,88799978,-,NM_002530.3,14,Exon_14,88576276,88576088,189
NTRK3,chr15,88418230,88799978,-,NM_002530.3_Intron,14.1,Intron_14-15,88576087,88483985,92103
NTRK3,chr15,88418230,88799978,-,NM_002530.3,15,Exon_15,88483984,88483854,131
NTRK3,chr15,88418230,88799978,-,NM_002530.3_Intron,15.1,Intron_15-16,88483853,88476416,7438
NTRK3,chr15,88418230,88799978,-,NM_002530.3,16,Exon_16,88476415,88476243,173
NTRK3,chr15,88418230,88799978,-,NM_002530.3_Intron,16.1,Intron_16-17,88476242,88472666,3577
NTRK3,chr15,88418230,88799978,-,NM_002530.3,17,Exon_17,88472665,88472422,244
NTRK3,chr15,88418230,88799978,-,NM_002530.3_Intron,17.1,Intron_17-18,88472421,88423660,48762
NTRK3,chr15,88418230,88799978,-,NM_002530.3,18,Exon_18,88423659,88423501,159
NTRK3,chr15,88418230,88799978,-,NM_002530.3_Intron,18.1,Intron_18-19,88423500,88420352,3149
NTRK3,chr15,88418230,88799978,-,NM_002530.3,19,Exon_19,88420351,88418230,2122
NRG1,chr8,32405728,32622548,+,NM_013956.3,1,Exon_1,32405728,32406344,617
NRG1,chr8,32405728,32622548,+,NM_013956.3_Intron,1.1,Intron_1-2,32406345,32453345,47001
NRG1,chr8,32405728,32622548,+,NM_013956.3,2,Exon_2,32453346,32453523,178
NRG1,chr8,32405728,32622548,+,NM_013956.3_Intron,2.1,Intron_2-3,32453524,32463079,9556
NRG1,chr8,32405728,32622548,+,NM_013956.3,3,Exon_3,32463080,32463201,122
NRG1,chr8,32405728,32622548,+,NM_013956.3_Intron,3.1,Intron_3-4,32463202,32472031,8830
NRG1,chr8,32405728,32622548,+,NM_013956.3,4,Exon_4,32472032,32472082,51
NRG1,chr8,32405728,32622548,+,NM_013956.3_Intron,4.1,Intron_4-5,32472083,32474352,2270
NRG1,chr8,32405728,32622548,+,NM_013956.3,5,Exon_5,32474353,32474403,51
NRG1,chr8,32405728,32622548,+,NM_013956.3_Intron,5.1,Intron_5-6,32474404,32585466,111063
NRG1,chr8,32405728,32622548,+,NM_013956.3,6,Exon_6,32585467,32585596,130
NRG1,chr8,32405728,32622548,+,NM_013956.3_Intron,6.1,Intron_6-7,32585597,32600192,14596
NRG1,chr8,32405728,32622548,+,NM_013956.3,7,Exon_7,32600193,32600251,59
NRG1,chr8,32405728,32622548,+,NM_013956.3_Intron,7.1,Intron_7-8,32600252,32607078,6827
NRG1,chr8,32405728,32622548,+,NM_013956.3,8,Exon_8,32607079,32607102,24
NRG1,chr8,32405728,32622548,+,NM_013956.3_Intron,8.1,Intron_8-9,32607103,32611889,4787
NRG1,chr8,32405728,32622548,+,NM_013956.3,9,Exon_9,32611890,32611992,103
NRG1,chr8,32405728,32622548,+,NM_013956.3_Intron,9.1,Intron_9-10,32611993,32613920,1928
NRG1,chr8,32405728,32622548,+,NM_013956.3,10,Exon_10,32613921,32614047,127
NRG1,chr8,32405728,32622548,+,NM_013956.3_Intron,10.1,Intron_10-11,32614048,32616823,2776
NRG1,chr8,32405728,32622548,+,NM_013956.3,11,Exon_11,32616824,32616954,131
NRG1,chr8,32405728,32622548,+,NM_013956.3_Intron,11.1,Intron_11-12,32616955,32617717,763
NRG1,chr8,32405728,32622548,+,NM_013956.3,12,Exon_12,32617718,32617924,207
NRG1,chr8,32405728,32622548,+,NM_013956.3_Intron,12.1,Intron_12-13,32617925,32621265,3341
NRG1,chr8,32405728,32622548,+,NM_013956.3,13,Exon_13,32621266,32622548,1283
NRG2,chr5,139227234,139422732,-,NM_013982.2,1,Exon_1,139422732,139421955,778
NRG2,chr5,139227234,139422732,-,NM_013982.2_Intron,1.1,Intron_1-2,139421954,139267097,154858
NRG2,chr5,139227234,139422732,-,NM_013982.2,2,Exon_2,139267096,139266925,172
NRG2,chr5,139227234,139422732,-,NM_013982.2_Intron,2.1,Intron_2-3,139266924,139260560,6365
NRG2,chr5,139227234,139422732,-,NM_013982.2,3,Exon_3,139260559,139260441,119
NRG2,chr5,139227234,139422732,-,NM_013982.2_Intron,3.1,Intron_3-4,139260440,139251427,9014
NRG2,chr5,139227234,139422732,-,NM_013982.2,4,Exon_4,139251426,139251306,121
NRG2,chr5,139227234,139422732,-,NM_013982.2_Intron,4.1,Intron_4-5,139251305,139245211,6095
NRG2,chr5,139227234,139422732,-,NM_013982.2,5,Exon_5,139245210,139245134,77
NRG2,chr5,139227234,139422732,-,NM_013982.2_Intron,5.1,Intron_5-6,139245133,139239498,5636
NRG2,chr5,139227234,139422732,-,NM_013982.2,6,Exon_6,139239497,139239474,24
NRG2,chr5,139227234,139422732,-,NM_013982.2_Intron,6.1,Intron_6-7,139239473,139235364,4110
NRG2,chr5,139227234,139422732,-,NM_013982.2,7,Exon_7,139235363,139235261,103
NRG2,chr5,139227234,139422732,-,NM_013982.2_Intron,7.1,Intron_7-8,139235260,139232613,2648
NRG2,chr5,139227234,139422732,-,NM_013982.2,8,Exon_8,139232612,139232489,124
NRG2,chr5,139227234,139422732,-,NM_013982.2_Intron,8.1,Intron_8-9,139232488,139232145,344
NRG2,chr5,139227234,139422732,-,NM_013982.2,9,Exon_9,139232144,139232017,128
NRG2,chr5,139227234,139422732,-,NM_013982.2_Intron,9.1,Intron_9-10,139232016,139231417,600
NRG2,chr5,139227234,139422732,-,NM_013982.2,10,Exon_10,139231416,139231189,228
NRG2,chr5,139227234,139422732,-,NM_013982.2_Intron,10.1,Intron_10-11,139231188,139228283,2906
NRG2,chr5,139227234,139422732,-,NM_013982.2,11,Exon_11,139228282,139227234,1049
FGFR1,chr8,38268657,38326352,-,NM_023110.2,1,Exon_1,38326352,38325499,854
FGFR1,chr8,38268657,38326352,-,NM_023110.2_Intron,1.1,Intron_1-2,38325498,38315053,10446
FGFR1,chr8,38268657,38326352,-,NM_023110.2,2,Exon_2,38315052,38314874,179
FGFR1,chr8,38268657,38326352,-,NM_023110.2_Intron,2.1,Intron_2-3,38314873,38287467,27407
FGFR1,chr8,38268657,38326352,-,NM_023110.2,3,Exon_3,38287466,38287200,267
FGFR1,chr8,38268657,38326352,-,NM_023110.2_Intron,3.1,Intron_3-4,38287199,38285954,1246
FGFR1,chr8,38268657,38326352,-,NM_023110.2,4,Exon_4,38285953,38285864,90
FGFR1,chr8,38268657,38326352,-,NM_023110.2_Intron,4.1,Intron_4-5,38285863,38285612,252
FGFR1,chr8,38268657,38326352,-,NM_023110.2,5,Exon_5,38285611,38285439,173
FGFR1,chr8,38268657,38326352,-,NM_023110.2_Intron,5.1,Intron_5-6,38285438,38283764,1675
FGFR1,chr8,38268657,38326352,-,NM_023110.2,6,Exon_6,38283763,38283640,124
FGFR1,chr8,38268657,38326352,-,NM_023110.2_Intron,6.1,Intron_6-7,38283639,38282218,1422
FGFR1,chr8,38268657,38326352,-,NM_023110.2,7,Exon_7,38282217,38282027,191
FGFR1,chr8,38268657,38326352,-,NM_023110.2_Intron,7.1,Intron_7-8,38282026,38279460,2567
FGFR1,chr8,38268657,38326352,-,NM_023110.2,8,Exon_8,38279459,38279315,145
FGFR1,chr8,38268657,38326352,-,NM_023110.2_Intron,8.1,Intron_8-9,38279314,38277254,2061
FGFR1,chr8,38268657,38326352,-,NM_023110.2,9,Exon_9,38277253,38277051,203
FGFR1,chr8,38268657,38326352,-,NM_023110.2_Intron,9.1,Intron_9-10,38277050,38275892,1159
FGFR1,chr8,38268657,38326352,-,NM_023110.2,10,Exon_10,38275891,38275746,146
FGFR1,chr8,38268657,38326352,-,NM_023110.2_Intron,10.1,Intron_10-11,38275745,38275510,236
FGFR1,chr8,38268657,38326352,-,NM_023110.2,11,Exon_11,38275509,38275388,122
FGFR1,chr8,38268657,38326352,-,NM_023110.2_Intron,11.1,Intron_11-12,38275387,38274935,453
FGFR1,chr8,38268657,38326352,-,NM_023110.2,12,Exon_12,38274934,38274824,111
FGFR1,chr8,38268657,38326352,-,NM_023110.2_Intron,12.1,Intron_12-13,38274823,38273579,1245
FGFR1,chr8,38268657,38326352,-,NM_023110.2,13,Exon_13,38273578,38273388,191
FGFR1,chr8,38268657,38326352,-,NM_023110.2_Intron,13.1,Intron_13-14,38273387,38272420,968
FGFR1,chr8,38268657,38326352,-,NM_023110.2,14,Exon_14,38272419,38272297,123
FGFR1,chr8,38268657,38326352,-,NM_023110.2_Intron,14.1,Intron_14-15,38272296,38272148,149
FGFR1,chr8,38268657,38326352,-,NM_023110.2,15,Exon_15,38272147,38272077,71
FGFR1,chr8,38268657,38326352,-,NM_023110.2_Intron,15.1,Intron_15-16,38272076,38271808,269
FGFR1,chr8,38268657,38326352,-,NM_023110.2,16,Exon_16,38271807,38271670,138
FGFR1,chr8,38268657,38326352,-,NM_023110.2_Intron,16.1,Intron_16-17,38271669,38271542,128
FGFR1,chr8,38268657,38326352,-,NM_023110.2,17,Exon_17,38271541,38271436,106
FGFR1,chr8,38268657,38326352,-,NM_023110.2_Intron,17.1,Intron_17-18,38271435,38271323,113
FGFR1,chr8,38268657,38326352,-,NM_023110.2,18,Exon_18,38271322,38268657,2666
FGFR2,chr10,123239371,123357917,-,NM_022970.3,1,Exon_1,123357917,123357476,442
FGFR2,chr10,123239371,123357917,-,NM_022970.3_Intron,1.1,Intron_1-2,123357475,123353482,3994
FGFR2,chr10,123239371,123357917,-,NM_022970.3,2,Exon_2,123353481,123353223,259
FGFR2,chr10,123239371,123357917,-,NM_022970.3_Intron,2.1,Intron_2-3,123353222,123325219,28004
FGFR2,chr10,123239371,123357917,-,NM_022970.3,3,Exon_3,123325218,123324952,267
FGFR2,chr10,123239371,123357917,-,NM_022970.3_Intron,3.1,Intron_3-4,123324951,123324094,858
FGFR2,chr10,123239371,123357917,-,NM_022970.3,4,Exon_4,123324093,123324016,78
FGFR2,chr10,123239371,123357917,-,NM_022970.3_Intron,4.1,Intron_4-5,123324015,123310974,13042
FGFR2,chr10,123239371,123357917,-,NM_022970.3,5,Exon_5,123310973,123310804,170
FGFR2,chr10,123239371,123357917,-,NM_022970.3_Intron,5.1,Intron_5-6,123310803,123298230,12574
FGFR2,chr10,123239371,123357917,-,NM_022970.3,6,Exon_6,123298229,123298106,124
FGFR2,chr10,123239371,123357917,-,NM_022970.3_Intron,6.1,Intron_6-7,123298105,123279684,18422
FGFR2,chr10,123239371,123357917,-,NM_022970.3,7,Exon_7,123279683,123279493,191
FGFR2,chr10,123239371,123357917,-,NM_022970.3_Intron,7.1,Intron_7-8,123279492,123278344,1149
FGFR2,chr10,123239371,123357917,-,NM_022970.3,8,Exon_8,123278343,123278196,148
FGFR2,chr10,123239371,123357917,-,NM_022970.3_Intron,8.1,Intron_8-9,123278195,123274834,3362
FGFR2,chr10,123239371,123357917,-,NM_022970.3,9,Exon_9,123274833,123274631,203
FGFR2,chr10,123239371,123357917,-,NM_022970.3_Intron,9.1,Intron_9-10,123274630,123263456,11175
FGFR2,chr10,123239371,123357917,-,NM_022970.3,10,Exon_10,123263455,123263304,152
FGFR2,chr10,123239371,123357917,-,NM_022970.3_Intron,10.1,Intron_10-11,123263303,123260462,2842
FGFR2,chr10,123239371,123357917,-,NM_022970.3,11,Exon_11,123260461,123260340,122
FGFR2,chr10,123239371,123357917,-,NM_022970.3_Intron,11.1,Intron_11-12,123260339,123258120,2220
FGFR2,chr10,123239371,123357917,-,NM_022970.3,12,Exon_12,123258119,123258009,111
FGFR2,chr10,123239371,123357917,-,NM_022970.3_Intron,12.1,Intron_12-13,123258008,123256237,1772
FGFR2,chr10,123239371,123357917,-,NM_022970.3,13,Exon_13,123256236,123256046,191
FGFR2,chr10,123239371,123357917,-,NM_022970.3_Intron,13.1,Intron_13-14,123256045,123247628,8418
FGFR2,chr10,123239371,123357917,-,NM_022970.3,14,Exon_14,123247627,123247505,123
FGFR2,chr10,123239371,123357917,-,NM_022970.3_Intron,14.1,Intron_14-15,123247504,123246939,566
FGFR2,chr10,123239371,123357917,-,NM_022970.3,15,Exon_15,123246938,123246868,71
FGFR2,chr10,123239371,123357917,-,NM_022970.3_Intron,15.1,Intron_15-16,123246867,123245047,1821
FGFR2,chr10,123239371,123357917,-,NM_022970.3,16,Exon_16,123245046,123244909,138
FGFR2,chr10,123239371,123357917,-,NM_022970.3_Intron,16.1,Intron_16-17,123244908,123243318,1591
FGFR2,chr10,123239371,123357917,-,NM_022970.3,17,Exon_17,123243317,123243212,106
FGFR2,chr10,123239371,123357917,-,NM_022970.3_Intron,17.1,Intron_17-18,123243211,123239536,3676
FGFR2,chr10,123239371,123357917,-,NM_022970.3,18,Exon_18,123239535,123239371,165
FGFR3,chr4,1795039,1810599,+,NM_000142.4,1,Exon_1,1795039,1795192,154
FGFR3,chr4,1795039,1810599,+,NM_000142.4_Intron,1.1,Intron_1-2,1795193,1795559,367
FGFR3,chr4,1795039,1810599,+,NM_000142.4,2,Exon_2,1795560,1795770,211
FGFR3,chr4,1795039,1810599,+,NM_000142.4_Intron,2.1,Intron_2-3,1795771,1800980,5210
FGFR3,chr4,1795039,1810599,+,NM_000142.4,3,Exon_3,1800981,1801250,270
FGFR3,chr4,1795039,1810599,+,NM_000142.4_Intron,3.1,Intron_3-4,1801251,1801473,223
FGFR3,chr4,1795039,1810599,+,NM_000142.4,4,Exon_4,1801474,1801539,66
FGFR3,chr4,1795039,1810599,+,NM_000142.4_Intron,4.1,Intron_4-5,1801540,1803093,1554
FGFR3,chr4,1795039,1810599,+,NM_000142.4,5,Exon_5,1803094,1803263,170
FGFR3,chr4,1795039,1810599,+,NM_000142.4_Intron,5.1,Intron_5-6,1803264,1803346,83
FGFR3,chr4,1795039,1810599,+,NM_000142.4,6,Exon_6,1803347,1803470,124
FGFR3,chr4,1795039,1810599,+,NM_000142.4_Intron,6.1,Intron_6-7,1803471,1803561,91
FGFR3,chr4,1795039,1810599,+,NM_000142.4,7,Exon_7,1803562,1803752,191
FGFR3,chr4,1795039,1810599,+,NM_000142.4_Intron,7.1,Intron_7-8,1803753,1805418,1666
FGFR3,chr4,1795039,1810599,+,NM_000142.4,8,Exon_8,1805419,1805563,145
FGFR3,chr4,1795039,1810599,+,NM_000142.4_Intron,8.1,Intron_8-9,1805564,1806056,493
FGFR3,chr4,1795039,1810599,+,NM_000142.4,9,Exon_9,1806057,1806247,191
FGFR3,chr4,1795039,1810599,+,NM_000142.4_Intron,9.1,Intron_9-10,1806248,1806550,303
FGFR3,chr4,1795039,1810599,+,NM_000142.4,10,Exon_10,1806551,1806696,146
FGFR3,chr4,1795039,1810599,+,NM_000142.4_Intron,10.1,Intron_10-11,1806697,1807081,385
FGFR3,chr4,1795039,1810599,+,NM_000142.4,11,Exon_11,1807082,1807203,122
FGFR3,chr4,1795039,1810599,+,NM_000142.4_Intron,11.1,Intron_11-12,1807204,1807285,82
FGFR3,chr4,1795039,1810599,+,NM_000142.4,12,Exon_12,1807286,1807396,111
FGFR3,chr4,1795039,1810599,+,NM_000142.4_Intron,12.1,Intron_12-13,1807397,1807476,80
FGFR3,chr4,1795039,1810599,+,NM_000142.4,13,Exon_13,1807477,1807667,191
FGFR3,chr4,1795039,1810599,+,NM_000142.4_Intron,13.1,Intron_13-14,1807668,1807777,110
FGFR3,chr4,1795039,1810599,+,NM_000142.4,14,Exon_14,1807778,1807900,123
FGFR3,chr4,1795039,1810599,+,NM_000142.4_Intron,14.1,Intron_14-15,1807901,1807983,83
FGFR3,chr4,1795039,1810599,+,NM_000142.4,15,Exon_15,1807984,1808054,71
FGFR3,chr4,1795039,1810599,+,NM_000142.4_Intron,15.1,Intron_15-16,1808055,1808272,218
FGFR3,chr4,1795039,1810599,+,NM_000142.4,16,Exon_16,1808273,1808410,138
FGFR3,chr4,1795039,1810599,+,NM_000142.4_Intron,16.1,Intron_16-17,1808411,1808555,145
FGFR3,chr4,1795039,1810599,+,NM_000142.4,17,Exon_17,1808556,1808661,106
FGFR3,chr4,1795039,1810599,+,NM_000142.4_Intron,17.1,Intron_17-18,1808662,1808842,181
FGFR3,chr4,1795039,1810599,+,NM_000142.4,18,Exon_18,1808843,1810599,1757
MET,chr7,116312459,116436396,+,NM_Unknown,1,Exon_1,116312459,116312631,173
MET,chr7,116312459,116436396,+,NM_Unknown,1.1,Intron_1-2,116312632,116339124,26493
MET,chr7,116312459,116436396,+,NM_Unknown,2,Exon_2,116339125,116340338,1214
MET,chr7,116312459,116436396,+,NM_Unknown,2.1,Intron_2-3,116340339,116371721,31383
MET,chr7,116312459,116436396,+,NM_Unknown,3,Exon_3,116371722,116371913,192
MET,chr7,116312459,116436396,+,NM_Unknown,3.1,Intron_3-4,116371914,116380003,8090
MET,chr7,116312459,116436396,+,NM_Unknown,4,Exon_4,116380004,116380138,135
MET,chr7,116312459,116436396,+,NM_Unknown,4.1,Intron_4-5,116380139,116380905,767
MET,chr7,116312459,116436396,+,NM_Unknown,5,Exon_5,116380906,116381079,174
MET,chr7,116312459,116436396,+,NM_Unknown,5.1,Intron_5-6,116381080,116395408,14329
MET,chr7,116312459,116436396,+,NM_Unknown,6,Exon_6,116395409,116395569,161
MET,chr7,116312459,116436396,+,NM_Unknown,6.1,Intron_6-7,116395570,116397490,1921
MET,chr7,116312459,116436396,+,NM_Unknown,7,Exon_7,116397491,116397593,103
MET,chr7,116312459,116436396,+,NM_Unknown,7.1,Intron_7-8,116397594,116397691,98
MET,chr7,116312459,116436396,+,NM_Unknown,8,Exon_8,116397692,116397828,137
MET,chr7,116312459,116436396,+,NM_Unknown,8.1,Intron_8-9,116397829,116398512,684
MET,chr7,116312459,116436396,+,NM_Unknown,9,Exon_9,116398513,116398674,162
MET,chr7,116312459,116436396,+,NM_Unknown,9.1,Intron_9-10,116398675,116399390,716
MET,chr7,116312459,116436396,+,NM_Unknown,10,Exon_10,116399391,116399544,154
MET,chr7,116312459,116436396,+,NM_Unknown,10.1,Intron_10-11,116399545,116403103,3559
MET,chr7,116312459,116436396,+,NM_Unknown,11,Exon_11,116403104,116403322,219
MET,chr7,116312459,116436396,+,NM_Unknown,11.1,Intron_11-12,116403323,116409698,6376
MET,chr7,116312459,116436396,+,NM_Unknown,12,Exon_12,116409699,116409845,147
MET,chr7,116312459,116436396,+,NM_Unknown,12.1,Intron_12-13,116409846,116411551,1706
MET,chr7,116312459,116436396,+,NM_Unknown,13,Exon_13,116411552,116411708,157
MET,chr7,116312459,116436396,+,NM_Unknown,13.1,Intron_13-14,116411709,116411902,194
MET,chr7,116312459,116436396,+,NM_Unknown,14,Exon_14,116411903,116412043,141
MET,chr7,116312459,116436396,+,NM_Unknown,14.1,Intron_14-15,116412044,116414934,2891
MET,chr7,116312459,116436396,+,NM_Unknown,15,Exon_15,116414935,116415165,231
MET,chr7,116312459,116436396,+,NM_Unknown,15.1,Intron_15-16,116415166,116417442,2277
MET,chr7,116312459,116436396,+,NM_Unknown,16,Exon_16,116417443,116417523,81
MET,chr7,116312459,116436396,+,NM_Unknown,16.1,Intron_16-17,116417524,116418829,1306
MET,chr7,116312459,116436396,+,NM_Unknown,17,Exon_17,116418830,116419011,182
MET,chr7,116312459,116436396,+,NM_Unknown,17.1,Intron_17-18,116419012,116422041,3030
MET,chr7,116312459,116436396,+,NM_Unknown,18,Exon_18,116422042,116422151,110
MET,chr7,116312459,116436396,+,NM_Unknown,18.1,Intron_18-19,116422152,116423357,1206
MET,chr7,116312459,116436396,+,NM_Unknown,19,Exon_19,116423358,116423523,166
MET,chr7,116312459,116436396,+,NM_Unknown,19.1,Intron_19-20,116423524,116435708,12185
MET,chr7,116312459,116436396,+,NM_Unknown,20,Exon_20,116435709,116435845,137
MET,chr7,116312459,116436396,+,NM_Unknown,20.1,Intron_20-21,116435846,116435940,95
MET,chr7,116312459,116436396,+,NM_Unknown,21,Exon_21,116435941,116436396,456
